FECHA,MS1,MS2,MS3,MS4,MS1n,MS2n,MS3n
2020-10-23 00:00:00,1174,1062,620,0,1250,1124,1215
2020-10-24 00:00:00,979,1049,878,1003,0,0,0
2020-10-25 00:00:00,0,0,0,0,0,0,0
2020-10-26 00:00:00,822,947,768,587,1030,918,957
2020-10-27 00:00:00,644,1026,969,360,489,624,871
2020-10-28 00:00:00,853,1039,589,771,1008,932,562
2020-10-29 00:00:00,877,1011,531,1240,871,882,565
2020-10-30 00:00:00,976,1053,901,1017,1008,939,845
2020-10-31 00:00:00,605,905,445,1595,0,0,0
2020-11-01 00:00:00,0,0,0,0,618,860,489
2020-11-02 00:00:00,912,1640,622,1419,873,1198,558
2020-11-03 00:00:00,955,967,595,0,608,1110,563
2020-11-04 00:00:00,670,1115,606,0,944,916,586
2020-11-05 00:00:00,726,1044,511,0,1050,1055,611
2020-11-06 00:00:00,1041,1043,1127,200,835,1061,1313
2020-11-07 00:00:00,1155,978,639,0,0,0,0
2020-11-08 00:00:00,0,0,0,0,762,701,522
2020-11-09 00:00:00,836,913,620,0,1096,1100,581
2020-11-10 00:00:00,698,985,1016,0,881,901,1428
2020-11-11 00:00:00,876,1031,725,0,1688,1210,575
2020-11-12 00:00:00,1455,1056,647,0,481,980,819
2020-11-13 00:00:00,170,795,870,0,621,1103,511
2020-11-14 00:00:00,814,745,1196,0,0,0,0
2020-11-15 00:00:00,0,0,0,0,700,748,451
2020-11-16 00:00:00,853,1174,605,0,1162,1095,882
2020-11-17 00:00:00,709,1014,1095,716,876,948,823
2020-11-18 00:00:00,882,1108,572,1898,959,1211,789
2020-11-19 00:00:00,796,1120,783,1537,1200,1003,569
2020-11-20 00:00:00,804,1150,502,1420,901,1001,561
2020-11-21 00:00:00,931,989,464,1132,0,0,0
2020-11-22 00:00:00,0,0,0,0,808,890,524
2020-11-23 00:00:00,1100,936,548,1197,940,926,526
2020-11-24 00:00:00,780,1068,691,1629,530,912,1062
2020-11-25 00:00:00,717,972,522,1326,1120,1111,585
2020-11-26 00:00:00,926,931,575,1279,836,936,651
2020-11-27 00:00:00,953,648,438,1164,1043,852,622
2020-11-28 00:00:00,971,940,525,1261,0,0,0
2020-11-29 00:00:00,0,0,0,0,0,0,0
2020-11-30 00:00:00,1069,1070,533,1100,851,1030,602
2020-12-01 00:00:00,885,966,602,2019,757,810,596
2020-12-02 00:00:00,892,896,547,1712,892,955,767
2020-12-03 00:00:00,495,987,635,1840,1022,1121,518
2020-12-04 00:00:00,1057,1149,586,830,663,1051,688
2020-12-05 00:00:00,767,955,596,836,0,0,0
2020-12-06 00:00:00,0,0,0,0,0,0,0
2020-12-07 00:00:00,0,0,0,0,0,0,0
2020-12-08 00:00:00,793,676,564,1362,839,780,551
2020-12-09 00:00:00,595,948,602,1159,720,1070,595
2020-12-10 00:00:00,1042,877,466,619,1026,650,476
2020-12-11 00:00:00,944,869,471,524,1027,921,916
2020-12-12 00:00:00,1016,888,753,1531,0,0,0
2020-12-13 00:00:00,0,0,0,0,0,0,0
2020-12-14 00:00:00,570,718,526,1127,621,844,667
2020-12-15 00:00:00,637,882,579,468,847,902,579
2020-12-16 00:00:00,390,470,527,747,532,264,585
2020-12-17 00:00:00,633,625,588,552,450,824,497
2020-12-18 00:00:00,346,398,344,608,0,0,0
2020-12-19 00:00:00,0,133,78,155,0,0,0
2020-12-20 00:00:00,0,0,0,0,0,0,0
2020-12-21 00:00:00,436,385,295,633,0,0,0
2020-12-22 00:00:00,628,446,305,942,0,0,0
2020-12-23 00:00:00,592,670,316,1314,0,0,0
2020-12-24 00:00:00,0,542,306,1081,0,0,0
2020-12-25 00:00:00,0,0,0,0,0,0,0
2020-12-26 00:00:00,320,412,526,1501,0,0,0
2020-12-27 00:00:00,0,0,0,0,0,0,0
2020-12-28 00:00:00,560,418,522,889,0,0,0
2020-12-29 00:00:00,899,627,506,995,0,0,0
2020-12-30 00:00:00,883,578,674,1280,0,0,0
2020-12-31 00:00:00,323,352,511,821,0,0,0
2021-01-01 00:00:00,0,0,0,0,0,0,0
2021-01-02 00:00:00,0,0,0,0,0,0,0
2021-01-03 00:00:00,0,0,0,0,0,0,0
2021-01-04 00:00:00,527,1030,1021,942,465,1178,1127
2021-01-05 00:00:00,416,1178,1083,925,474,765,597
2021-01-06 00:00:00,1044,570,738,993,694,704,992
2021-01-07 00:00:00,1068,645,1010,876,682,242,521
2021-01-08 00:00:00,563,160,482,957,611,0,580
2021-01-09 00:00:00,534,343,547,997,0,0,0
2021-01-10 00:00:00,0,0,0,0,0,0,370
2021-01-11 00:00:00,0,600,749,914,0,629,576
2021-01-12 00:00:00,0,334,905,866,0,900,541
2021-01-13 00:00:00,0,760,532,760,0,208,444
2021-01-14 00:00:00,75,58,750,1001,562,130,578
2021-01-15 00:00:00,582,440,490,893,756,1026,449
2021-01-16 00:00:00,788,400,538,784,0,0,0
2021-01-17 00:00:00,0,0,0,0,0,0,0
2021-01-18 00:00:00,1004,214,529,923,933,640,556
2021-01-19 00:00:00,1054,470,518,955,706,574,719
2021-01-20 00:00:00,468,699,595,599,501,612,660
2021-01-21 00:00:00,726,840,755,1130,480,730,470
2021-01-22 00:00:00,343,560,963,719,387,414,912
2021-01-23 00:00:00,0,0,0,0,0,0,0
2021-01-24 00:00:00,0,0,0,0,0,0,0
2021-01-25 00:00:00,385,356,576,660,549,344,603
2021-01-26 00:00:00,532,389,540,1007,574,452,473
2021-01-27 00:00:00,553,596,510,893,608,1082,745
2021-01-28 00:00:00,481,937,835,937,883,805,814
2021-01-29 00:00:00,624,735,736,253,413,660,408
2021-01-30 00:00:00,0,0,0,0,0,0,0
2021-01-31 00:00:00,0,0,0,0,0,0,0
2021-02-01 00:00:00,329,480,420,30,553,480,549
2021-02-02 00:00:00,502,565,831,212,584,853,1003
2021-02-03 00:00:00,498,330,291,553,632,200,446
2021-02-04 00:00:00,414,0,274,0,439,403,489
2021-02-05 00:00:00,433,0,176,0,330,326,190
2021-02-06 00:00:00,0,0,0,0,0,0,0
2021-02-07 00:00:00,0,0,0,0,0,0,0
2021-02-08 00:00:00,558,702,557,986,689,818,564
2021-02-09 00:00:00,1020,472,342,510,730,848,405
2021-02-10 00:00:00,470,536,518,1018,531,868,537
2021-02-11 00:00:00,502,614,300,686,472,995,421
2021-02-12 00:00:00,407,958,311,934,400,509,657
2021-02-13 00:00:00,375,318,250,753,0,0,0
2021-02-14 00:00:00,0,0,0,0,0,0,0
2021-02-15 00:00:00,0,0,0,0,0,0,0
2021-02-16 00:00:00,0,0,0,0,0,0,0
2021-02-17 00:00:00,338,508,591,927,636,580,574
2021-02-18 00:00:00,964,1084,480,675,973,936,502
2021-02-19 00:00:00,820,1140,384,1984,950,774,306
2021-02-20 00:00:00,1000,892,462,852,0,0,0
2021-02-21 00:00:00,0,0,0,0,640,175,330
2021-02-22 00:00:00,880,1206,674,798,1080,954,692
2021-02-23 00:00:00,788,1074,469,1528,665,923,426
2021-02-24 00:00:00,782,841,445,958,550,973,417
2021-02-25 00:00:00,755,1140,578,735,605,1080,972
2021-02-26 00:00:00,982,1082,716,1624,966,482,633
2021-02-27 00:00:00,425,329,727,717,0,0,0
2021-02-28 00:00:00,0,0,0,0,224,880,325
2021-03-01 00:00:00,496,898,1049,787,670,650,778
2021-03-02 00:00:00,674,565,306,752,851,1085,893
2021-03-03 00:00:00,832,1015,958,757,809,745,891
2021-03-04 00:00:00,808,441,529,604,818,527,999
2021-03-05 00:00:00,469,852,520,820,605,1008,0
2021-03-06 00:00:00,481,802,0,1440,0,0,0
2021-03-07 00:00:00,0,0,0,0,505,767,0
2021-03-08 00:00:00,855,752,0,994,489,758,0
2021-03-09 00:00:00,755,1220,0,771,573,799,0
2021-03-10 00:00:00,600,489,457,1221,519,517,491
2021-03-11 00:00:00,538,467,806,865,694,851,994
2021-03-12 00:00:00,1040,1142,1004,692,1166,1071,962
2021-03-13 00:00:00,726,705,937,769,0,0,0
2021-03-14 00:00:00,0,0,0,0,0,0,0
2021-03-15 00:00:00,433,1096,1068,839,469,1056,416
2021-03-16 00:00:00,485,1096,75,1126,860,1020,130
2021-03-17 00:00:00,1075,1066,596,757,777,1078,950
2021-03-18 00:00:00,561,803,740,722,500,942,573
2021-03-19 00:00:00,607,776,401,1054,504,890,594
2021-03-20 00:00:00,0,0,0,0,0,0,0
2021-03-21 00:00:00,0,0,0,0,0,0,0
2021-03-22 00:00:00,471,738,511,535,770,756,497
2021-03-23 00:00:00,1056,1036,463,662,875,1085,599
2021-03-24 00:00:00,0,0,0,0,0,0,0
2021-03-25 00:00:00,57,713,703,596,861,1018,1116
2021-03-26 00:00:00,645,837,1018,693,663,934,686
2021-03-27 00:00:00,0,0,0,0,0,0,0
2021-03-28 00:00:00,0,0,0,0,0,0,0
2021-03-29 00:00:00,800,768,403,664,868,1088,566
2021-03-30 00:00:00,568,708,566,977,781,1083,619
2021-03-31 00:00:00,723,1005,707,718,509,902,640
2021-04-01 00:00:00,1100,995,469,916,1008,1008,1050
2021-04-02 00:00:00,0,0,0,0,0,0,0
2021-04-03 00:00:00,0,0,0,0,0,0,0
2021-04-04 00:00:00,0,0,0,0,0,0,0
2021-04-05 00:00:00,0,714,1307,999,0,882,442
2021-04-06 00:00:00,384,621,417,735,641,606,578
2021-04-07 00:00:00,488,594,815,568,58,785,979
2021-04-08 00:00:00,192,386,517,665,862,1053,976
2021-04-09 00:00:00,984,745,902,809,973,559,962
2021-04-10 00:00:00,0,0,0,0,0,0,0
2021-04-11 00:00:00,0,0,0,0,0,0,0
2021-04-12 00:00:00,546,569,687,595,0,0,0
2021-04-13 00:00:00,619,766,1118,934,591,586,1067
2021-04-14 00:00:00,1149,465,1008,1024,970,1038,827
2021-04-15 00:00:00,711,996,518,1231,878,763,654
2021-04-16 00:00:00,1134,589,419,987,764,973,561
2021-04-17 00:00:00,0,0,0,0,0,0,0
2021-04-18 00:00:00,0,0,0,0,0,0,0
2021-04-19 00:00:00,295,0,30,642,0,0,0
2021-04-20 00:00:00,745,882,372,471,0,0,0
2021-04-21 00:00:00,899,886,369,582,0,0,0
2021-04-22 00:00:00,725,735,400,765,0,0,0
2021-04-23 00:00:00,765,894,701,542,0,0,0
2021-04-24 00:00:00,0,0,0,0,0,0,0
2021-04-25 00:00:00,0,0,0,0,0,0,0
2021-04-26 00:00:00,750,602,138,569,743,940,360
2021-04-27 00:00:00,841,756,387,902,840,722,811
2021-04-28 00:00:00,690,892,679,816,589,841,596
2021-04-29 00:00:00,898,1016,1170,956,909,823,353
2021-04-30 00:00:00,838,977,438,578,890,1005,700
2021-05-01 00:00:00,0,0,0,0,0,0,0
2021-05-02 00:00:00,0,0,0,0,750,700,300
2021-05-03 00:00:00,1026,1151,397,751,842,1110,369
2021-05-04 00:00:00,902,1025,885,659,803,1075,464
2021-05-05 00:00:00,740,803,480,437,895,1100,582
2021-05-06 00:00:00,648,1070,739,694,577,1092,496
2021-05-07 00:00:00,512,647,453,934,178,670,418
2021-05-08 00:00:00,27,555,580,852,0,0,0
2021-05-09 00:00:00,0,0,0,0,0,0,0
2021-05-10 00:00:00,793,541,553,612,1068,550,751
2021-05-11 00:00:00,391,639,550,614,823,942,492
2021-05-12 00:00:00,1117,1022,982,666,980,844,598
2021-05-13 00:00:00,598,795,715,831,832,527,495
2021-05-14 00:00:00,940,486,487,882,1013,1048,814
2021-05-15 00:00:00,405,803,1075,360,0,0,0
2021-05-16 00:00:00,0,0,0,0,813,390,689
2021-05-17 00:00:00,918,585,691,381,1071,793,960
2021-05-18 00:00:00,1031,1082,1007,996,560,1028,657
2021-05-19 00:00:00,861,787,895,597,856,854,469
2021-05-20 00:00:00,762,913,1151,887,1060,536,798
2021-05-21 00:00:00,590,595,739,679,0,0,0
2021-05-22 00:00:00,0,0,0,0,0,0,0
2021-05-23 00:00:00,0,0,0,0,0,0,0
2021-05-24 00:00:00,0,0,0,0,0,0,0
2021-05-25 00:00:00,0,0,0,0,0,0,0
2021-05-26 00:00:00,420,932,408,952,1200,932,811
2021-05-27 00:00:00,1210,883,602,814,1180,1134,928
2021-05-28 00:00:00,1220,1112,701,574,665,934,1040
2021-05-29 00:00:00,0,0,0,0,0,0,0
2021-05-30 00:00:00,0,0,0,0,0,0,0
2021-05-31 00:00:00,927,510,494,637,985,560,866
2021-06-01 00:00:00,996,890,716,887,1194,941,674
2021-06-02 00:00:00,1106,798,555,724,773,557,900
2021-06-03 00:00:00,610,365,523,918,582,556,681
2021-06-04 00:00:00,604,616,749,1007,775,603,941
2021-06-05 00:00:00,137,536,0,880,0,0,0
2021-06-06 00:00:00,0,0,0,0,0,0,0
2021-06-07 00:00:00,760,516,959,828,562,537,974
2021-06-08 00:00:00,601,581,1146,962,724,584,1078
2021-06-09 00:00:00,905,605,670,741,1081,617,401
2021-06-10 00:00:00,1280,536,545,659,968,635,447
2021-06-11 00:00:00,840,571,535,1010,652,539,383
2021-06-12 00:00:00,0,0,0,0,0,0,0
2021-06-13 00:00:00,0,0,0,0,0,0,0
2021-06-14 00:00:00,706,457,25,903,378,780,0
2021-06-15 00:00:00,547,788,691,1006,491,878,928
2021-06-16 00:00:00,431,1050,1016,939,852,852,580
2021-06-17 00:00:00,385,320,526,1000,1118,733,491
2021-06-18 00:00:00,974,730,537,492,734,580,492
2021-06-19 00:00:00,568,936,623,594,0,0,0
2021-06-20 00:00:00,0,0,0,0,0,0,0
2021-06-21 00:00:00,0,0,0,0,0,0,0
2021-06-22 00:00:00,553,557,718,369,753,169,715
2021-06-23 00:00:00,1168,191,918,564,952,900,643
2021-06-24 00:00:00,1003,1098,571,997,1203,1114,930
2021-06-25 00:00:00,1220,857,457,985,1300,575,526
2021-06-26 00:00:00,1240,1043,523,817,0,0,0
2021-06-27 00:00:00,0,0,0,0,0,0,0
2021-06-28 00:00:00,1176,921,182,437,1004,968,554
2021-06-29 00:00:00,1042,1078,606,1140,966,1100,672
2021-06-30 00:00:00,1240,945,569,727,1240,928,809
2021-07-01 00:00:00,1049,600,1020,820,1080,820,798
2021-07-02 00:00:00,1064,830,624,997,1001,878,672
2021-07-03 00:00:00,0,0,0,0,0,0,0
2021-07-04 00:00:00,0,0,0,0,0,0,0
2021-07-05 00:00:00,799,750,409,968,925,670,438
2021-07-06 00:00:00,717,523,525,986,847,977,554
2021-07-07 00:00:00,1246,850,1132,1014,998,523,695
2021-07-08 00:00:00,1170,1035,585,904,1150,695,627
2021-07-09 00:00:00,0,0,0,0,0,0,0
2021-07-10 00:00:00,0,0,0,0,0,0,0
2021-07-11 00:00:00,0,0,0,0,0,0,0
2021-07-12 00:00:00,1078,915,578,895,806,713,571
2021-07-13 00:00:00,768,563,561,1310,868,950,512
2021-07-14 00:00:00,792,735,634,1246,541,614,752
2021-07-15 00:00:00,640,764,485,1208,1043,863,654
2021-07-16 00:00:00,1105,1003,593,1172,996,1040,536
2021-07-17 00:00:00,689,860,727,849,0,0,0
2021-07-18 00:00:00,0,0,0,0,0,0,0
2021-07-19 00:00:00,747,656,424,1124,766,620,845
2021-07-20 00:00:00,1011,580,717,1230,855,630,659
2021-07-21 00:00:00,905,630,441,672,0,660,0
2021-07-22 00:00:00,879,610,386,684,883,625,860
2021-07-23 00:00:00,1141,615,591,1190,544,510,516
2021-07-24 00:00:00,0,0,0,0,0,0,0
2021-07-25 00:00:00,0,0,0,0,0,0,0
2021-07-26 00:00:00,558,381,844,749,0,0,0
2021-07-27 00:00:00,880,491,936,777,862,465,689
2021-07-28 00:00:00,701,790,929,771,916,1096,1230
2021-07-29 00:00:00,1048,820,827,1028,1070,650,778
2021-07-30 00:00:00,1040,984,890,617,740,1029,728
2021-07-31 00:00:00,496,440,920,1238,0,0,0
2021-08-01 00:00:00,0,0,0,0,0,0,0
2021-08-02 00:00:00,485,743,442,1135,919,966,544
2021-08-03 00:00:00,999,770,576,669,653,1050,744
2021-08-04 00:00:00,500,603,695,1014,1113,767,694
2021-08-05 00:00:00,816,1099,896,1502,1072,1090,855
2021-08-06 00:00:00,774,762,661,1143,839,976,661
2021-08-07 00:00:00,701,772,527,790,0,0,0
2021-08-08 00:00:00,0,0,0,0,0,0,0
2021-08-09 00:00:00,426,424,701,395,610,602,856
2021-08-10 00:00:00,941,1010,1069,592,940,959,1078
2021-08-11 00:00:00,1070,1033,910,1220,1029,1050,989
2021-08-12 00:00:00,1026,976,747,1086,1110,1150,649
2021-08-13 00:00:00,1191,951,1000,733,1148,1092,1154
2021-08-14 00:00:00,763,339,760,630,0,0,0
2021-08-15 00:00:00,0,0,0,0,0,0,0
2021-08-16 00:00:00,0,0,0,0,0,0,0
2021-08-17 00:00:00,1161,727,489,794,1049,948,733
2021-08-18 00:00:00,1177,760,633,810,853,681,896
2021-08-19 00:00:00,781,865,813,719,833,989,1087
2021-08-20 00:00:00,670,1122,540,964,932,1096,939
2021-08-21 00:00:00,481,860,539,866,0,0,0
2021-08-22 00:00:00,0,0,0,0,0,0,0
2021-08-23 00:00:00,1108,900,390,926,1044,1028,445
2021-08-24 00:00:00,772,954,760,1216,487,186,581
2021-08-25 00:00:00,829,590,757,1020,650,580,499
2021-08-26 00:00:00,539,465,530,381,587,625,808
2021-08-27 00:00:00,599,1172,630,1018,798,1159,772
2021-08-28 00:00:00,0,0,0,0,0,0,0
2021-08-29 00:00:00,0,0,0,0,0,0,0
2021-08-30 00:00:00,884,849,694,747,821,1143,480
2021-08-31 00:00:00,843,595,635,1223,1237,576,600
2021-09-01 00:00:00,1145,1020,600,803,1042,1115,583
2021-09-02 00:00:00,1164,850,609,1056,922,620,567
2021-09-03 00:00:00,1120,1077,391,1003,1140,1086,586
2021-09-04 00:00:00,1100,661,547,1200,0,0,0
2021-09-05 00:00:00,0,0,0,0,0,0,0
2021-09-06 00:00:00,680,882,552,1124,1068,1032,557
2021-09-07 00:00:00,848,1014,624,1294,834,1146,679
2021-09-08 00:00:00,1210,872,876,1290,876,1049,573
2021-09-09 00:00:00,836,939,587,1320,1058,1070,693
2021-09-10 00:00:00,955,1140,577,1054,1315,831,597
2021-09-11 00:00:00,670,1045,490,851,0,0,0
2021-09-12 00:00:00,0,0,0,0,0,0,0
2021-09-13 00:00:00,1116,867,624,673,1093,522,597
2021-09-14 00:00:00,816,519,597,408,834,358,519
2021-09-15 00:00:00,715,451,684,608,394,523,1056
2021-09-16 00:00:00,453,520,670,1255,1070,668,724
2021-09-17 00:00:00,460,580,522,907,1099,1096,999
2021-09-18 00:00:00,0,0,0,0,0,0,0
2021-09-19 00:00:00,0,0,0,0,0,0,0
2021-09-20 00:00:00,766,1004,203,402,1013,802,58
2021-09-21 00:00:00,934,628,326,673,1212,494,573
2021-09-22 00:00:00,1213,617,559,941,1170,1080,588
2021-09-23 00:00:00,1190,1231,667,1014,1028,1146,625
2021-09-24 00:00:00,979,1059,858,1228,1080,850,593
2021-09-25 00:00:00,928,552,515,1169,0,0,0
2021-09-26 00:00:00,0,0,0,0,0,0,0
2021-09-27 00:00:00,692,658,614,968,680,582,522
2021-09-28 00:00:00,1088,717,576,970,1058,187,631
2021-09-29 00:00:00,1162,726,590,368,1169,924,865
2021-09-30 00:00:00,1100,729,1109,899,1098,1043,632
2021-10-01 00:00:00,875,954,625,538,1160,880,830
2021-10-02 00:00:00,655,310,325,1097,0,0,0
2021-10-03 00:00:00,0,0,0,0,0,0,0
2021-10-04 00:00:00,994,960,505,1086,1090,1065,508
2021-10-05 00:00:00,652,992,550,726,896,992,691
2021-10-06 00:00:00,1004,992,925,1131,1148,1000,593
2021-10-07 00:00:00,1176,990,570,1010,793,608,798
2021-10-08 00:00:00,1024,932,510,620,0,0,0
2021-10-09 00:00:00,0,0,0,0,0,0,0
2021-10-10 00:00:00,0,0,0,0,0,0,0
2021-10-11 00:00:00,0,0,0,0,0,0,0
2021-10-12 00:00:00,591,670,530,719,893,519,735
2021-10-13 00:00:00,625,519,742,476,190,587,417
2021-10-14 00:00:00,365,910,668,628,974,1065,1117
2021-10-15 00:00:00,992,700,633,755,1003,250,377
2021-10-16 00:00:00,0,0,0,0,0,0,0
2021-10-17 00:00:00,0,0,0,0,0,0,0
2021-10-18 00:00:00,438,479,297,800,698,1040,915
2021-10-19 00:00:00,994,810,1210,952,996,1050,1162
2021-10-20 00:00:00,627,904,1230,729,577,200,1102
2021-10-21 00:00:00,572,750,1094,731,616,445,1073
2021-10-22 00:00:00,683,966,927,839,1241,875,300
2021-10-23 00:00:00,0,0,0,0,0,0,0
2021-10-24 00:00:00,0,0,0,0,0,0,0
2021-10-25 00:00:00,1080,168,519,561,1218,0,667
2021-10-26 00:00:00,972,420,603,403,472,286,311
2021-10-27 00:00:00,778,576,660,858,1238,1134,1134
2021-10-28 00:00:00,1115,842,1023,859,1018,988,1220
2021-10-29 00:00:00,557,497,868,895,926,818,1108
2021-10-30 00:00:00,0,0,0,0,0,0,0
2021-10-31 00:00:00,0,0,0,0,0,0,0
2021-11-01 00:00:00,1140,980,832,990,992,1113,1138
2021-11-02 00:00:00,308,624,1022,951,653,1148,1266
2021-11-03 00:00:00,555,650,889,933,553,1226,1267
2021-11-04 00:00:00,948,1110,1142,876,920,1280,1205
2021-11-05 00:00:00,1013,1020,900,927,707,991,1167
2021-11-06 00:00:00,0,0,0,0,0,0,0
2021-11-07 00:00:00,0,0,0,0,0,0,0
2021-11-08 00:00:00,757,840,1215,872,824,1140,1085
2021-11-09 00:00:00,666,1012,1028,657,1142,760,577
2021-11-10 00:00:00,731,588,497,965,630,336,570
2021-11-11 00:00:00,904,355,570,1035,1172,0,519
2021-11-12 00:00:00,746,145,336,740,0,0,0
2021-11-13 00:00:00,0,0,0,0,0,0,0
2021-11-14 00:00:00,0,0,0,0,0,0,0
2021-11-15 00:00:00,156,430,453,595,210,300,193
2021-11-16 00:00:00,422,404,355,1030,1200,994,98
2021-11-17 00:00:00,1170,960,425,712,1218,618,589
2021-11-18 00:00:00,653,1000,558,1410,496,1020,596
2021-11-19 00:00:00,373,818,478,980,784,750,596
2021-11-20 00:00:00,0,0,0,0,0,0,0
2021-11-21 00:00:00,0,0,0,0,0,0,0
2021-11-22 00:00:00,0,0,0,0,0,0,0
2021-11-23 00:00:00,721,650,522,1094,976,1056,532
2021-11-24 00:00:00,1146,1033,541,1134,1100,1140,710
2021-11-25 00:00:00,1134,1100,519,923,1136,1213,1064
2021-11-26 00:00:00,1114,852,755,670,850,1080,1008
2021-11-27 00:00:00,0,0,0,0,0,0,0
2021-11-28 00:00:00,0,0,0,0,0,0,0
2021-11-29 00:00:00,890,514,646,622,694,966,349
2021-11-30 00:00:00,1055,944,568,986,1202,910,621
2021-12-01 00:00:00,1162,820,586,1135,746,608,232
2021-12-02 00:00:00,1150,406,341,810,871,249,248
2021-12-03 00:00:00,820,840,537,763,926,1153,404
2021-12-04 00:00:00,0,0,0,0,0,0,0
2021-12-05 00:00:00,0,0,0,0,0,0,0
2021-12-06 00:00:00,760,674,588,683,569,70,130
2021-12-07 00:00:00,560,584,261,176,605,466,371
2021-12-08 00:00:00,0,0,0,0,0,0,0
2021-12-09 00:00:00,533,714,437,418,491,168,175
2021-12-10 00:00:00,1151,672,301,930,0,0,0
2021-12-11 00:00:00,0,0,0,0,0,0,0
2021-12-12 00:00:00,0,0,0,0,0,0,0
2021-12-13 00:00:00,1040,840,532,1125,0,0,0
2021-12-14 00:00:00,1375,1202,615,1346,0,0,0
2021-12-15 00:00:00,1535,1370,961,1760,0,0,0
2021-12-16 00:00:00,905,1153,1136,1281,0,0,0
2021-12-17 00:00:00,0,0,0,0,0,0,0
2021-12-18 00:00:00,0,0,0,0,0,0,0
2021-12-19 00:00:00,0,0,0,0,0,0,0
2021-12-20 00:00:00,918,1012,1158,1083,0,0,0
2021-12-21 00:00:00,1176,1130,945,1320,0,0,0
2021-12-22 00:00:00,1504,1221,1122,1027,0,0,0
2021-12-23 00:00:00,1496,1202,925,1059,0,0,0
2021-12-24 00:00:00,460,415,217,431,0,0,0
2021-12-25 00:00:00,0,0,0,0,0,0,0
2021-12-26 00:00:00,0,0,0,0,0,0,0
2021-12-27 00:00:00,1050,950,723,1097,1078,1094,936
2021-12-28 00:00:00,1110,1165,1005,1004,1240,1232,1141
2021-12-29 00:00:00,1210,1203,756,992,1210,1178,835
2021-12-30 00:00:00,1060,1020,722,934,747,1090,722
2021-12-31 00:00:00,444,470,279,466,0,0,0
2022-01-01 00:00:00,0,0,0,0,0,0,0
2022-01-02 00:00:00,0,0,0,0,0,0,0
2022-01-03 00:00:00,791,980,428,820,0,0,0
2022-01-04 00:00:00,230,880,564,645,1052,1060,1163
2022-01-05 00:00:00,110,634,844,956,146,602,1043
2022-01-06 00:00:00,155,120,340,519,419,0,157
2022-01-07 00:00:00,300,200,350,554,302,700,632
2022-01-08 00:00:00,0,0,0,0,0,0,0
2022-01-09 00:00:00,0,0,0,0,0,0,0
2022-01-10 00:00:00,699,829,1129,924,0,0,0
2022-01-11 00:00:00,1048,1018,610,856,0,0,0
2022-01-12 00:00:00,403,597,306,519,0,0,0
2022-01-13 00:00:00,505,558,508,950,0,0,0
2022-01-14 00:00:00,67,200,488,599,0,0,0
2022-01-15 00:00:00,0,0,0,0,0,0,0
2022-01-16 00:00:00,0,0,0,0,0,0,0
2022-01-17 00:00:00,866,830,738,1147,0,0,0
2022-01-18 00:00:00,1560,1228,756,1657,0,0,0
2022-01-19 00:00:00,1568,1194,754,1627,0,0,0
2022-01-20 00:00:00,1479,1048,575,1146,,,
2022-01-21 00:00:00,1428,790,817,1114,,,
2022-01-22 00:00:00,0,0,0,0,0,0,0
2022-01-23 00:00:00,0,0,0,0,0,0,0
2022-01-24 00:00:00,850,700,415,770,1170,1027,1014
2022-01-25 00:00:00,1210,546,352,863,1250,1176,792
2022-01-26 00:00:00,990,638,718,828,1000,611,1034
2022-01-27 00:00:00,829,409,723,759,729,248,1187
2022-01-28 00:00:00,665,405,234,805,1100,445,923
2022-01-29 00:00:00,0,0,0,0,0,0,0
2022-01-30 00:00:00,0,0,0,0,0,0,0
2022-01-31 00:00:00,45,250,477,428,0,452,580
2022-02-01 00:00:00,230,520,1010,942,350,1032,1252
2022-02-02 00:00:00,240,647,1111,983,1065,210,1224
2022-02-03 00:00:00,990,602,540,557,987,496,590
2022-02-04 00:00:00,289,450,563,684,800,445,738
2022-02-05 00:00:00,0,0,0,0,0,0,0
2022-02-06 00:00:00,0,0,0,0,0,0,0
2022-02-07 00:00:00,487,472,786,408,730,620,882
2022-02-08 00:00:00,603,618,598,556,772,798,999
2022-02-09 00:00:00,480,252,1085,652,500,626,729
2022-02-10 00:00:00,360,626,490,299,564,484,818
2022-02-11 00:00:00,360,140,528,0,527,315,590
2022-02-12 00:00:00,0,0,0,0,0,0,0
2022-02-13 00:00:00,0,0,0,0,0,0,0
2022-02-14 00:00:00,776,100,444,0,615,1069,645
2022-02-15 00:00:00,1038,1180,982,418,1104,1205,980
2022-02-16 00:00:00,1182,1240,977,1108,1179,960,1100
2022-02-17 00:00:00,1081,1124,733,1312,1139,1027,623
2022-02-18 00:00:00,606,684,752,705,533,250,695
2022-02-19 00:00:00,591,96,969,769,0,0,0
2022-02-20 00:00:00,0,0,0,0,0,0,0
2022-02-21 00:00:00,607,760,752,803,580,830,554
2022-02-22 00:00:00,1130,850,629,863,1178,1110,528
2022-02-23 00:00:00,1089,1000,529,1124,1180,945,536
2022-02-24 00:00:00,1007,636,892,714,1221,747,797
2022-02-25 00:00:00,1042,698,583,860,1220,691,745
2022-02-26 00:00:00,1035,800,742,914,0,0,0
2022-02-27 00:00:00,0,0,0,0,0,0,0
2022-02-28 00:00:00,0,0,0,0,0,0,0
2022-03-01 00:00:00,850,400,475,836,1057,0,386
2022-03-02 00:00:00,1180,516,629,745,1268,1058,1180
2022-03-03 00:00:00,1215,568,576,889,1289,1064,633
2022-03-04 00:00:00,1108,872,518,757,1142,1146,566
2022-03-05 00:00:00,0,0,0,0,0,0,0
2022-03-06 00:00:00,0,0,0,0,0,0,0
2022-03-07 00:00:00,909,240,450,906,1078,660,573
2022-03-08 00:00:00,500,578,418,894,789,810,572
2022-03-09 00:00:00,942,810,536,924,1077,1173,574
2022-03-10 00:00:00,1019,960,536,732,1197,947,560
2022-03-11 00:00:00,1119,1014,507,1584,1250,1009,684
2022-03-12 00:00:00,1050,1001,664,1351,0,0,0
2022-03-13 00:00:00,0,0,0,0,0,0,0
2022-03-14 00:00:00,1036,1060,893,1227,613,602,1040
2022-03-15 00:00:00,1031,836,442,1428,700,590,551
2022-03-16 00:00:00,525,708,472,765,324,979,391
2022-03-17 00:00:00,236,331,226,722,430,1120,815
2022-03-18 00:00:00,381,381,1112,663,1150,988,904
2022-03-19 00:00:00,272,0,505,0,0,0,0
2022-03-20 00:00:00,0,0,0,0,0,0,0
2022-03-21 00:00:00,974,926,505,940,1146,1045,725
2022-03-22 00:00:00,1145,1070,456,592,1192,600,620
2022-03-23 00:00:00,833,1033,418,1313,1140,1046,916
2022-03-24 00:00:00,950,850,579,1200,0,0,0
2022-03-25 00:00:00,933,988,561,775,1150,1033,786
2022-03-26 00:00:00,1072,667,569,694,0,0,0
2022-03-27 00:00:00,0,0,0,0,0,0,0
2022-03-28 00:00:00,1188,625,531,901,1180,1144,802
2022-03-29 00:00:00,1210,996,479,597,1270,652,648
2022-03-30 00:00:00,1196,852,540,989,1136,1210,700
2022-03-31 00:00:00,998,975,508,1045,990,984,602
2022-04-01 00:00:00,1070,680,574,935,1098,1103,659
2022-04-02 00:00:00,838,806,538,1003,0,0,0
2022-04-03 00:00:00,0,0,0,0,0,0,0
2022-04-04 00:00:00,905,905,468,778,688,1260,586
2022-04-05 00:00:00,716,1160,1112,793,620,943,974
2022-04-06 00:00:00,505,917,508,1086,1103,1138,761
2022-04-07 00:00:00,1001,1062,1004,1887,790,1130,947
2022-04-08 00:00:00,560,758,778,1363,586,756,1033
2022-04-09 00:00:00,450,385,933,1103,0,0,0
2022-04-10 00:00:00,0,0,0,0,0,0,0
2022-04-11 00:00:00,460,752,755,816,536,627,911
2022-04-12 00:00:00,536,710,605,1398,588,826,760
2022-04-13 00:00:00,638,674,551,781,943,1150,543
2022-04-14 00:00:00,998,1240,839,823,1097,980,615
2022-04-15 00:00:00,0,0,0,0,0,0,0
2022-04-16 00:00:00,0,0,0,0,0,0,0
2022-04-17 00:00:00,0,0,0,0,0,0,0
2022-04-18 00:00:00,911,1053,511,1179,950,913,400
2022-04-19 00:00:00,1112,799,436,981,1131,1061,451
2022-04-20 00:00:00,1204,1066,678,1111,1158,1200,1210
2022-04-21 00:00:00,1062,795,834,973,751,818,1264
2022-04-22 00:00:00,614,1267,1136,1053,621,877,933
2022-04-23 00:00:00,229,110,174,670,0,0,0
2022-04-24 00:00:00,0,0,0,0,0,0,0
2022-04-25 00:00:00,600,580,424,994,738,654,685
2022-04-26 00:00:00,669,594,530,798,482,343,396
2022-04-27 00:00:00,656,200,232,807,890,755,587
2022-04-28 00:00:00,1060,588,482,744,1240,968,558
2022-04-29 00:00:00,1160,230,477,1149,853,716,560
2022-04-30 00:00:00,425,70,444,813,0,0,0
2022-05-01 00:00:00,0,0,0,0,0,0,0
2022-05-02 00:00:00,605,690,475,953,1213,1206,866
2022-05-03 00:00:00,1115,1000,455,1073,1204,1102,593
2022-05-04 00:00:00,1100,1135,652,1279,1183,1150,552
2022-05-05 00:00:00,978,1108,635,986,1180,1164,520
2022-05-06 00:00:00,1019,1045,488,928,1183,675,583
2022-05-07 00:00:00,1040,910,499,825,0,0,0
2022-05-08 00:00:00,0,0,0,0,0,0,0
2022-05-09 00:00:00,945,900,447,539,1060,275,545
2022-05-10 00:00:00,1230,0,508,1154,1199,0,877
2022-05-11 00:00:00,1152,0,487,986,1150,0,553
2022-05-12 00:00:00,1110,0,546,1085,1220,0,842
2022-05-13 00:00:00,1200,0,669,1197,1183,0,689
2022-05-14 00:00:00,1200,0,427,883,0,0,0
2022-05-15 00:00:00,0,0,0,0,0,0,0
2022-05-16 00:00:00,871,0,581,1067,1133,0,610
2022-05-17 00:00:00,1189,0,562,801,1200,884,642
2022-05-18 00:00:00,0,0,0,0,0,0,0
2022-05-19 00:00:00,1104,772,551,717,1234,1034,689
2022-05-20 00:00:00,1075,992,567,889,1190,1126,526
2022-05-21 00:00:00,735,815,664,1203,0,0,0
2022-05-22 00:00:00,0,0,0,0,0,0,0
2022-05-23 00:00:00,1055,730,410,877,1188,1140,752
2022-05-24 00:00:00,1056,1190,514,945,737,1240,1023
2022-05-25 00:00:00,737,790,536,632,711,790,516
2022-05-26 00:00:00,1146,1060,540,917,1228,966,736
2022-05-27 00:00:00,1139,1164,516,1247,1252,1176,638
2022-05-28 00:00:00,962,788,633,815,0,0,0
2022-05-29 00:00:00,0,0,0,0,0,0,0
2022-05-30 00:00:00,908,892,867,693,1144,200,1209
2022-05-31 00:00:00,1205,435,1002,772,1246,553,643
2022-06-01 00:00:00,1100,466,587,780,1203,532,862
2022-06-02 00:00:00,1147,536,825,673,1206,878,934
2022-06-03 00:00:00,1161,797,545,426,1143,1226,565
2022-06-04 00:00:00,486,986,501,657,0,0,0
2022-06-05 00:00:00,0,0,0,0,0,0,0
2022-06-06 00:00:00,467,1041,526,703,719,1104,636
2022-06-07 00:00:00,1120,614,944,717,1212,605,807
2022-06-08 00:00:00,958,725,507,887,613,1070,549
2022-06-09 00:00:00,601,855,522,774,1034,531,526
2022-06-10 00:00:00,1162,558,1086,739,802,523,1260
2022-06-11 00:00:00,514,487,1085,646,0,0,0
2022-06-12 00:00:00,0,0,0,0,0,0,0
2022-06-13 00:00:00,788,968,1033,683,895,1011,582
2022-06-14 00:00:00,1100,1238,492,723,1180,1188,474
2022-06-15 00:00:00,1200,697,500,709,1215,536,821
2022-06-16 00:00:00,1166,555,833,818,1154,503,777
2022-06-17 00:00:00,990,536,502,712,0,0,0
2022-06-18 00:00:00,0,0,0,0,0,0,0
2022-06-19 00:00:00,0,0,0,0,0,0,0
2022-06-20 00:00:00,0,0,0,0,0,0,0
2022-06-21 00:00:00,1080,725,614,639,1115,1180,630
2022-06-22 00:00:00,549,1085,651,1324,1147,876,494
2022-06-23 00:00:00,1161,1030,855,1124,1033,1056,947
2022-06-24 00:00:00,562,1050,1027,835,562,728,1002
2022-06-25 00:00:00,0,0,863,772,0,0,0
2022-06-26 00:00:00,0,0,0,0,0,0,0
2022-06-27 00:00:00,475,874,835,691,860,250,671
2022-06-28 00:00:00,1140,590,503,786,740,730,899
2022-06-29 00:00:00,625,294,1080,818,710,662,864
2022-06-30 00:00:00,960,524,447,787,1027,830,601
2022-07-01 00:00:00,1206,759,558,1131,883,876,544
2022-07-02 00:00:00,453,742,512,722,0,0,0
2022-07-03 00:00:00,0,0,0,0,0,0,0
2022-07-04 00:00:00,416,168,491,726,1146,0,814
2022-07-05 00:00:00,966,0,539,722,855,0,606
2022-07-06 00:00:00,1039,0,533,811,560,0,827
2022-07-07 00:00:00,845,0,458,762,1158,0,662
2022-07-08 00:00:00,507,0,1031,811,1172,0,657
2022-07-09 00:00:00,0,0,0,0,0,0,0
2022-07-10 00:00:00,0,0,0,0,0,0,0
2022-07-11 00:00:00,853,250,968,678,1003,765,687
2022-07-12 00:00:00,733,686,798,832,1010,970,1004
2022-07-13 00:00:00,1011,883,572,771,1120,1120,670
2022-07-14 00:00:00,858,450,902,1092,995,1080,643
2022-07-15 00:00:00,762,754,662,759,945,1106,685
2022-07-16 00:00:00,1087,712,515,1182,0,0,0
2022-07-17 00:00:00,0,0,0,0,0,0,0
2022-07-18 00:00:00,1085,560,926,1133,1220,804,778
2022-07-19 00:00:00,1146,633,827,721,1157,723,809
2022-07-20 00:00:00,872,552,847,1063,826,580,526
2022-07-21 00:00:00,1192,790,1037,748,920,577,866
2022-07-22 00:00:00,915,566,963,1214,1168,570,564
2022-07-23 00:00:00,1019,420,642,691,0,0,0
2022-07-24 00:00:00,0,0,0,0,0,0,0
2022-07-25 00:00:00,617,494,518,320,1160,637,771
2022-07-26 00:00:00,830,384,830,542,1113,573,960
2022-07-27 00:00:00,810,678,697,606,1046,681,779
2022-07-28 00:00:00,888,636,573,552,1060,638,901
2022-07-29 00:00:00,920,558,551,678,1134,620,536
2022-07-30 00:00:00,871,492,391,786,0,0,0
2022-07-31 00:00:00,0,0,0,0,0,0,0
2022-08-01 00:00:00,815,415,716,695,1127,620,613
2022-08-02 00:00:00,1123,540,479,765,1037,555,560
2022-08-03 00:00:00,971,550,699,1144,1122,588,1130
2022-08-04 00:00:00,1028,518,815,800,1179,945,969
2022-08-05 00:00:00,875,655,623,632,1234,540,852
2022-08-06 00:00:00,988,409,304,1093,0,0,0
2022-08-07 00:00:00,0,0,0,0,0,0,0
2022-08-08 00:00:00,751,472,304,987,1115,585,453
2022-08-09 00:00:00,1150,536,500,783,1120,590,887
2022-08-10 00:00:00,1078,515,864,926,1119,561,622
2022-08-11 00:00:00,843,334,834,1420,609,1090,1132
2022-08-12 00:00:00,1091,1150,945,1093,1178,1160,1190
2022-08-13 00:00:00,0,0,250,1163,0,0,0
2022-08-14 00:00:00,0,0,0,0,0,0,0
2022-08-15 00:00:00,400,0,310,790,0,0,0
2022-08-16 00:00:00,803,1226,536,931,1125,1134,542
2022-08-17 00:00:00,1154,1190,855,1251,1131,706,1051
2022-08-18 00:00:00,1123,522,850,1162,894,386,932
2022-08-19 00:00:00,475,252,583,1236,461,492,534
2022-08-20 00:00:00,0,0,0,0,0,0,0
2022-08-21 00:00:00,0,0,0,0,0,0,0
2022-08-22 00:00:00,433,1060,580,1130,1252,847,422
2022-08-23 00:00:00,1143,482,724,981,1135,950,991
2022-08-24 00:00:00,1011,956,681,1191,1046,112,1150
2022-08-25 00:00:00,575,744,919,890,511,1174,1095
2022-08-26 00:00:00,527,1127,1147,1242,567,990,1120
2022-08-27 00:00:00,544,700,800,778,0,0,0
2022-08-28 00:00:00,0,0,0,0,0,0,0
2022-08-29 00:00:00,838,630,962,1179,1158,1022,1045
2022-08-30 00:00:00,1001,924,988,1228,1115,75,654
2022-08-31 00:00:00,1014,480,523,1135,830,510,644
2022-09-01 00:00:00,636,275,559,1287,998,40,926
2022-09-02 00:00:00,732,660,503,1233,576,405,550
2022-09-03 00:00:00,0,0,0,0,0,0,0
2022-09-04 00:00:00,0,0,0,0,0,0,0
2022-09-05 00:00:00,570,639,811,825,909,1056,510
2022-09-06 00:00:00,934,969,480,988,1020,1039,950
2022-09-07 00:00:00,1206,1094,661,1062,1194,1058,549
2022-09-08 00:00:00,1051,1220,561,738,1117,1135,1006
2022-09-09 00:00:00,1205,840,850,962,1001,880,664
2022-09-10 00:00:00,0,0,0,0,0,0,0
2022-09-11 00:00:00,0,0,0,0,0,0,0
2022-09-12 00:00:00,974,420,435,889,1204,829,618
2022-09-13 00:00:00,853,1185,548,1397,1055,1190,580
2022-09-14 00:00:00,1035,1196,440,874,1190,1238,532
2022-09-15 00:00:00,1190,960,543,932,1093,1140,1118
2022-09-16 00:00:00,829,1140,748,854,1226,1240,1002
2022-09-17 00:00:00,864,695,934,886,0,0,0
2022-09-18 00:00:00,0,0,0,0,0,0,0
2022-09-19 00:00:00,613,873,599,837,1134,570,537
2022-09-20 00:00:00,1013,451,544,988,1068,558,566
2022-09-21 00:00:00,1100,948,891,1362,1132,1182,928
2022-09-22 00:00:00,1001,1140,768,386,934,1265,610
2022-09-23 00:00:00,797,1025,500,951,1083,920,578
2022-09-24 00:00:00,0,0,0,0,0,0,0
2022-09-25 00:00:00,0,0,0,0,0,0,0
2022-09-26 00:00:00,874,450,468,796,1264,820,540
2022-09-27 00:00:00,1129,744,484,832,1003,1176,662
2022-09-28 00:00:00,1030,1176,548,793,1033,1130,516
2022-09-29 00:00:00,1117,1112,635,720,1092,420,697
2022-09-30 00:00:00,906,335,554,598,1027,176,580
2022-10-01 00:00:00,0,0,0,0,0,0,0
2022-10-02 00:00:00,0,0,0,0,0,0,0
2022-10-03 00:00:00,640,588,550,599,1052,966,635
2022-10-04 00:00:00,606,650,706,783,983,150,871
2022-10-05 00:00:00,434,880,559,1000,943,1216,613
2022-10-06 00:00:00,1002,1164,495,782,1018,1149,517
2022-10-07 00:00:00,735,250,392,630,0,0,0
2022-10-08 00:00:00,0,0,0,0,0,0,0
2022-10-09 00:00:00,0,0,0,0,0,0,0
2022-10-10 00:00:00,0,0,0,0,0,0,0
2022-10-11 00:00:00,990,520,420,709,990,716,710
2022-10-12 00:00:00,551,610,847,894,463,610,385
2022-10-13 00:00:00,753,592,923,729,449,582,360
2022-10-14 00:00:00,558,544,124,820,732,1085,74
2022-10-15 00:00:00,0,0,0,0,0,0,0
2022-10-16 00:00:00,0,0,0,0,0,0,0
2022-10-17 00:00:00,515,560,0,665,428,595,604
2022-10-18 00:00:00,417,532,306,1124,564,572,438
2022-10-19 00:00:00,572,230,330,902,556,617,690
2022-10-20 00:00:00,641,146,544,775,592,146,550
2022-10-21 00:00:00,714,364,661,943,570,620,595
2022-10-22 00:00:00,86,0,554,184,0,0,0
2022-10-23 00:00:00,0,0,0,0,0,0,0
2022-10-24 00:00:00,607,188,606,712,733,630,590
2022-10-25 00:00:00,1002,568,525,831,516,664,779
2022-10-26 00:00:00,598,225,553,914,580,0,639
2022-10-27 00:00:00,492,308,556,1117,613,248,575
2022-10-28 00:00:00,627,378,582,1060,411,798,616
2022-10-29 00:00:00,413,498,447,615,0,0,0
2022-10-30 00:00:00,0,0,0,0,0,0,0
2022-10-31 00:00:00,482,420,426,712,570,1092,707
2022-11-01 00:00:00,543,1098,567,902,509,1150,649
2022-11-02 00:00:00,551,1100,513,844,563,1210,607
2022-11-03 00:00:00,474,970,568,825,1023,1058,717
2022-11-04 00:00:00,657,1082,602,892,854,640,636
2022-11-05 00:00:00,0,0,0,0,0,0,0
2022-11-06 00:00:00,0,0,0,0,0,0,0
2022-11-07 00:00:00,651,525,512,779,557,624,696
2022-11-08 00:00:00,410,538,559,657,595,455,698
2022-11-09 00:00:00,649,36,589,860,610,322,594
2022-11-10 00:00:00,582,988,620,516,612,854,882
2022-11-11 00:00:00,397,854,377,416,376,500,352
2022-11-12 00:00:00,0,0,0,0,0,0,0
2022-11-13 00:00:00,0,0,0,0,0,0,0
2022-11-14 00:00:00,554,489,547,546,677,550,503
2022-11-15 00:00:00,457,532,562,780,694,224,392
2022-11-16 00:00:00,570,308,510,543,564,170,566
2022-11-17 00:00:00,543,590,547,646,907,448,480
2022-11-18 00:00:00,455,272,312,431,680,320,346
2022-11-19 00:00:00,0,0,0,0,0,0,0
2022-11-20 00:00:00,0,0,0,0,0,0,0
2022-11-21 00:00:00,0,0,0,0,0,0,0
2022-11-22 00:00:00,535,105,384,346,631,0,556
2022-11-23 00:00:00,323,115,335,140,287,696,451
2022-11-24 00:00:00,409,697,293,490,351,536,353
2022-11-25 00:00:00,316,140,384,371,745,370,318
2022-11-26 00:00:00,0,0,0,0,0,0,0
2022-11-27 00:00:00,0,0,0,0,0,0,0
2022-11-28 00:00:00,481,0,326,210,405,56,393
2022-11-29 00:00:00,490,146,408,0,473,295,423
2022-11-30 00:00:00,603,295,304,0,103,280,463
2022-12-01 00:00:00,418,252,613,42,0,0,0
2022-12-02 00:00:00,847,504,515,0,0,0,0
2022-12-03 00:00:00,0,0,0,0,0,0,0
2022-12-04 00:00:00,0,0,0,0,0,0,0
2022-12-05 00:00:00,739,336,517,0,0,0,0
2022-12-06 00:00:00,860,729,623,0,0,0,0
2022-12-07 00:00:00,714,807,1151,478,0,0,0
2022-12-08 00:00:00,0,0,0,0,0,0,0
2022-12-09 00:00:00,0,0,0,0,0,0,0
2022-12-10 00:00:00,0,0,0,0,0,0,0
2022-12-11 00:00:00,0,0,0,0,0,0,0
2022-12-12 00:00:00,443,882,699,111,0,0,0
2022-12-13 00:00:00,260,396,348,400,0,0,0
2022-12-14 00:00:00,419,717,929,251,0,0,0
2022-12-15 00:00:00,606,867,582,684,0,0,0
2022-12-16 00:00:00,0,0,0,0,0,0,0
2022-12-17 00:00:00,0,0,0,0,0,0,0
2022-12-18 00:00:00,0,0,0,0,0,0,0
2022-12-19 00:00:00,848,846,562,762,0,0,0
2022-12-20 00:00:00,0,0,0,0,0,0,0
2022-12-21 00:00:00,454,878,499,264,0,0,0
2022-12-22 00:00:00,433,952,669,0,0,0,0
2022-12-23 00:00:00,418,1099,424,0,0,0,0
2022-12-24 00:00:00,0,0,0,0,0,0,0
2022-12-25 00:00:00,0,0,0,0,0,0,0
2022-12-26 00:00:00,558,1105,641,877,0,0,0
2022-12-27 00:00:00,542,1057,535,627,0,0,0
2022-12-28 00:00:00,648,1067,502,658,0,0,0
2022-12-29 00:00:00,542,1025,507,867,0,0,0
2022-12-30 00:00:00,478,1027,552,1030,0,0,0
2022-12-31 00:00:00,0,0,0,0,0,0,0
2023-01-01 00:00:00,0,0,0,0,0,0,0
2023-01-02 00:00:00,604,1064,522,1042,1052,1072,555
2023-01-03 00:00:00,1145,1130,635,776,1214,1197,651
2023-01-04 00:00:00,654,749,523,636,521,1041,521
2023-01-05 00:00:00,473,550,566,1247,639,630,534
2023-01-06 00:00:00,550,640,490,1315,700,480,1420
2023-01-07 00:00:00,0,0,0,0,0,0,0
2023-01-08 00:00:00,0,0,0,0,0,0,0
2023-01-09 00:00:00,384,430,880,770,515,530,836
2023-01-10 00:00:00,353,465,465,724,438,240,851
2023-01-11 00:00:00,806,288,633,825,685,556,464
2023-01-12 00:00:00,1133,80,439,1102,1133,1128,819
2023-01-13 00:00:00,530,240,419,1547,384,210,748
2023-01-14 00:00:00,150,0,1032,700,0,0,0
2023-01-15 00:00:00,0,0,0,0,0,0,0
2023-01-16 00:00:00,743,921,590,821,613,760,485
2023-01-17 00:00:00,605,230,413,542,559,252,551
2023-01-18 00:00:00,298,0,482,165,163,330,150
2023-01-19 00:00:00,180,149,540,531,869,0,586
2023-01-20 00:00:00,468,627,508,768,560,804,573
2023-01-21 00:00:00,0,0,541,930,0,0,0
2023-01-22 00:00:00,0,0,0,0,0,0,0
2023-01-23 00:00:00,179,151,623,708,516,1058,596
2023-01-24 00:00:00,42,426,764,800,252,681,786
2023-01-25 00:00:00,173,679,747,939,277,592,939
2023-01-26 00:00:00,150,491,513,808,38,840,537
2023-01-27 00:00:00,470,309,535,485,702,1083,581
2023-01-28 00:00:00,350,0,581,0,0,0,0
2023-01-29 00:00:00,0,0,0,0,0,0,0
2023-01-30 00:00:00,326,150,603,314,486,1083,597
2023-01-31 00:00:00,744,451,263,0,723,775,1024
2023-02-01 00:00:00,26,501,288,0,0,0,459
2023-02-02 00:00:00,200,300,349,0,567,552,354
2023-02-03 00:00:00,120,250,582,0,0,0,0
2023-02-04 00:00:00,0,0,0,0,0,0,0
2023-02-05 00:00:00,0,0,0,0,0,0,0
2023-02-06 00:00:00,513,400,590,0,0,0,0
2023-02-07 00:00:00,740,215,606,420,0,0,0
2023-02-08 00:00:00,536,674,588,540,0,0,0
2023-02-09 00:00:00,309,797,449,802,0,0,0
2023-02-10 00:00:00,517,,138,971,0,0,0
2023-02-11 00:00:00,0,0,0,0,0,0,0
2023-02-12 00:00:00,0,0,0,0,0,0,0
2023-02-13 00:00:00,829,745,291,1016,0,0,0
2023-02-14 00:00:00,665,630,1045,1046,0,0,0
2023-02-15 00:00:00,901,922,996,717,0,0,0
2023-02-16 00:00:00,765,973,467,379,0,0,0
2023-02-17 00:00:00,636,1146,481,260,0,0,0
2023-02-18 00:00:00,0,0,0,0,0,0,0
2023-02-19 00:00:00,0,0,0,0,0,0,0
2023-02-20 00:00:00,0,0,0,0,0,0,0
2023-02-21 00:00:00,0,0,0,0,0,0,0
2023-02-22 00:00:00,625,644,568,625,0,0,0
2023-02-23 00:00:00,492,1016,541,707,1210,580,0
2023-02-24 00:00:00,870,1200,959,746,671,630,989
2023-02-25 00:00:00,671,615,215,671,0,0,0
2023-02-26 00:00:00,0,0,0,0,0,0,0
2023-02-27 00:00:00,750,570,471,652,532,606,530
2023-02-28 00:00:00,585,625,921,763,751,985,590
2023-03-01 00:00:00,715,400,459,718,415,130,300
2023-03-02 00:00:00,500,0,472,694,347,0,492
2023-03-03 00:00:00,345,0,547,1024,628,0,545
2023-03-04 00:00:00,489,0,529,1160,0,0,0
2023-03-05 00:00:00,0,0,0,0,724,0,365
2023-03-06 00:00:00,920,460,858,731,485,247,527
2023-03-07 00:00:00,614,300,636,540,1122,290,416
2023-03-08 00:00:00,624,298,462,517,878,445,459
2023-03-09 00:00:00,1043,625,544,214,516,575,533
2023-03-10 00:00:00,473,233,654,602,620,1000,593
2023-03-11 00:00:00,546,250,523,592,0,0,0
2023-03-12 00:00:00,0,0,0,0,451,330,461
2023-03-13 00:00:00,574,615,687,660,774,223,484
2023-03-14 00:00:00,796,554,386,581,554,971,519
2023-03-15 00:00:00,651,848,477,960,599,508,506
2023-03-16 00:00:00,457,575,529,1680,422,693,504
2023-03-17 00:00:00,598,634,465,705,407,402,623
2023-03-18 00:00:00,369,841,483,0,0,0,0
2023-03-19 00:00:00,0,0,0,0,0,0,0
2023-03-20 00:00:00,514,816,588,303,435,1140,448
2023-03-21 00:00:00,478,1094,507,1087,510,506,793
2023-03-22 00:00:00,335,923,417,736,609,1144,498
2023-03-23 00:00:00,528,1122,474,767,599,1142,425
2023-03-24 00:00:00,0,0,0,0,0,0,0
2023-03-25 00:00:00,0,0,0,0,0,0,0
2023-03-26 00:00:00,0,0,0,0,0,0,0
2023-03-27 00:00:00,398,762,246,561,303,718,576
2023-03-28 00:00:00,397,491,335,694,309,715,296
2023-03-29 00:00:00,346,364,184,130,336,14,349
2023-03-30 00:00:00,372,301,449,449,360,493,533
2023-03-31 00:00:00,301,770,203,728,0,0,0
2023-04-01 00:00:00,0,0,0,0,0,0,0
2023-04-02 00:00:00,0,0,0,0,0,0,0
2023-04-03 00:00:00,413,635,335,498,0,0,0
2023-04-04 00:00:00,499,665,399,628,567,635,416
2023-04-05 00:00:00,723,924,710,540,712,1262,686
2023-04-06 00:00:00,339,737,355,534,385,810,282
2023-04-07 00:00:00,0,0,0,0,0,0,0
2023-04-08 00:00:00,0,0,0,0,0,0,0
2023-04-09 00:00:00,0,0,0,0,0,0,0
2023-04-10 00:00:00,478,441,376,662,563,920,395
2023-04-11 00:00:00,512,0,397,32,597,981,321
2023-04-12 00:00:00,576,0,590,370,590,298,564
2023-04-13 00:00:00,348,0,548,501,578,172,638
2023-04-14 00:00:00,383,172,371,714,341,401,265
2023-04-15 00:00:00,0,0,0,0,0,0,0
2023-04-16 00:00:00,0,0,0,0,0,0,0
2023-04-17 00:00:00,639,650,716,144,583,601,695
2023-04-18 00:00:00,312,309,326,0,565,336,509
2023-04-19 00:00:00,548,320,498,526,418,561,791
2023-04-20 00:00:00,544,164,1006,237,538,10,606
2023-04-21 00:00:00,380,164,346,342,294,465,250
2023-04-22 00:00:00,0,0,0,0,0,0,0
2023-04-23 00:00:00,0,0,0,0,0,0,0
2023-04-24 00:00:00,576,727,543,351,432,602,567
2023-04-25 00:00:00,474,565,514,310,0,839,511
2023-04-26 00:00:00,152,824,492,432,539,190,542
2023-04-27 00:00:00,563,565,637,1140,576,278,464
2023-04-28 00:00:00,436,293,656,961,376,310,290
2023-04-29 00:00:00,0,0,0,0,0,0,0
2023-04-30 00:00:00,0,0,0,0,0,0,0
2023-05-01 00:00:00,0,0,0,0,0,0,0
2023-05-02 00:00:00,516,247,1000,902,488,0,619
2023-05-03 00:00:00,635,247,982,92,613,397,620
2023-05-04 00:00:00,587,487,679,640,600,164,503
2023-05-05 00:00:00,553,0,563,902,566,0,537
2023-05-06 00:00:00,0,0,0,0,0,0,0
2023-05-07 00:00:00,0,0,0,0,0,0,0
2023-05-08 00:00:00,580,0,499,543,547,0,379
2023-05-09 00:00:00,552,0,403,543,584,0,437
2023-05-10 00:00:00,612,360,192,157,379,0,544
2023-05-11 00:00:00,224,0,366,771,551,112,513
2023-05-12 00:00:00,466,0,548,725,562,0,350
2023-05-13 00:00:00,0,0,0,0,0,0,0
2023-05-14 00:00:00,0,0,0,0,0,0,0
2023-05-15 00:00:00,410,389,470,473,575,833,499
2023-05-16 00:00:00,584,540,493,414,583,1124,465
2023-05-17 00:00:00,565,1124,382,242,583,1130,581
2023-05-18 00:00:00,416,677,432,184,562,1135,512
2023-05-19 00:00:00,541,1150,430,490,512,1076,453
2023-05-20 00:00:00,483,1000,491,117,0,0,0
2023-05-21 00:00:00,0,0,0,0,0,0,0
2023-05-22 00:00:00,370,250,471,88,997,210,483
2023-05-23 00:00:00,561,88,400,535,605,0,528
2023-05-24 00:00:00,570,0,440,627,550,585,521
2023-05-25 00:00:00,511,495,439,657,0,0,0
2023-05-26 00:00:00,0,0,0,0,0,0,0
2023-05-27 00:00:00,0,0,0,0,0,0,0
2023-05-28 00:00:00,0,0,0,0,478,415,405
2023-05-29 00:00:00,515,555,487,636,556,517,433
2023-05-30 00:00:00,418,438,173,618,506,0,409
2023-05-31 00:00:00,570,205,456,147,482,600,586
2023-06-01 00:00:00,570,610,401,807,574,295,455
2023-06-02 00:00:00,582,80,460,699,527,1100,280
2023-06-03 00:00:00,451,940,466,454,0,0,0
2023-06-04 00:00:00,0,0,0,0,318,840,395
2023-06-05 00:00:00,516,1050,291,518,508,462,291
2023-06-06 00:00:00,519,550,194,671,452,560,436
2023-06-07 00:00:00,529,830,507,820,469,460,508
2023-06-08 00:00:00,533,240,473,722,573,330,550
2023-06-09 00:00:00,554,240,500,130,108,330,368
2023-06-10 00:00:00,0,0,0,0,0,0,0
2023-06-11 00:00:00,0,0,0,0,0,0,0
2023-06-12 00:00:00,553,23,409,385,440,467,507
2023-06-13 00:00:00,190,458,527,203,369,607,515
2023-06-14 00:00:00,580,724,477,800,465,394,502
2023-06-15 00:00:00,579,188,341,709,440,400,462
2023-06-16 00:00:00,745,274,400,643,763,1030,425
2023-06-17 00:00:00,0,0,0,0,0,0,0
2023-06-18 00:00:00,0,0,0,0,0,0,0
2023-06-19 00:00:00,0,0,0,0,0,0,0
2023-06-20 00:00:00,0,0,0,0,486,400,468
2023-06-21 00:00:00,600,0,481,851,532,0,281
2023-06-22 00:00:00,466,200,213,774,503,622,404
2023-06-23 00:00:00,255,115,250,370,302,440,260
2023-06-24 00:00:00,0,0,0,0,0,0,0
2023-06-25 00:00:00,0,0,0,0,0,0,0
2023-06-26 00:00:00,396,250,294,337,766,1135,250
2023-06-27 00:00:00,802,615,244,761,469,122,336
2023-06-28 00:00:00,560,262,207,688,471,590,604
2023-06-29 00:00:00,576,342,689,674,556,460,594
2023-06-30 00:00:00,327,324,294,503,300,321,302
2023-07-01 00:00:00,0,0,0,0,0,0,0
2023-07-02 00:00:00,0,0,0,0,0,0,0
2023-07-03 00:00:00,349,260,100,596,500,405,244
2023-07-04 00:00:00,686,509,0,681,978,499,0
2023-07-05 00:00:00,968,440,0,629,980,591,0
2023-07-06 00:00:00,1050,719,0,471,967,1240,0
2023-07-07 00:00:00,180,450,0,889,0,0,0
2023-07-08 00:00:00,0,0,0,0,0,0,0
2023-07-09 00:00:00,0,0,0,0,0,0,0
2023-07-10 00:00:00,698,528,550,836,914,626,546
2023-07-11 00:00:00,474,364,94,726,537,456,431
2023-07-12 00:00:00,513,531,520,469,523,495,565
2023-07-13 00:00:00,310,674,576,667,974,668,817
2023-07-14 00:00:00,1100,1111,585,649,1005,966,590
2023-07-15 00:00:00,0,0,0,0,0,0,0
2023-07-16 00:00:00,0,0,0,0,0,0,0
2023-07-17 00:00:00,645,495,284,714,532,438,426
2023-07-18 00:00:00,586,237,350,510,679,300,336
2023-07-19 00:00:00,287,280,360,624,172,330,370
2023-07-20 00:00:00,200,200,300,530,337,231,370
2023-07-21 00:00:00,195,100,184,222,0,0,0
2023-07-22 00:00:00,0,0,0,0,0,0,0
2023-07-23 00:00:00,0,0,0,0,0,0,0
2023-07-24 00:00:00,228,200,318,400,400,357,318
2023-07-25 00:00:00,440,215,308,562,320,328,365
2023-07-26 00:00:00,638,300,315,400,460,360,415
2023-07-27 00:00:00,436,300,200,250,504,278,398
2023-07-28 00:00:00,195,330,400,352,266,0,533
2023-07-29 00:00:00,0,0,0,0,0,0,0
2023-07-30 00:00:00,0,0,0,0,0,0,0
2023-07-31 00:00:00,511,0,695,464,545,0,1015
2023-08-01 00:00:00,350,180,523,746,725,330,595
2023-08-02 00:00:00,339,208,950,597,559,180,347
2023-08-03 00:00:00,568,0,602,717,309,320,566
2023-08-04 00:00:00,296,0,200,350,432,0,475
2023-08-05 00:00:00,0,0,0,0,0,0,0
2023-08-06 00:00:00,0,0,0,0,0,0,0
2023-08-07 00:00:00,348,108,95,424,395,200,350
2023-08-08 00:00:00,294,163,199,347,280,381,244
2023-08-09 00:00:00,336,315,200,512,500,725,357
2023-08-10 00:00:00,340,500,300,449,370,395,275
2023-08-11 00:00:00,360,0,294,749,302,0,680
2023-08-12 00:00:00,0,0,0,0,0,0,0
2023-08-13 00:00:00,0,0,0,0,0,0,0
2023-08-14 00:00:00,280,550,0,535,366,555,335
2023-08-15 00:00:00,897,600,798,637,491,594,566
2023-08-16 00:00:00,626,502,626,738,518,490,284
2023-08-17 00:00:00,559,528,600,772,557,478,187
2023-08-18 00:00:00,491,504,727,735,539,0,310
2023-08-19 00:00:00,0,0,0,0,0,0,0
2023-08-20 00:00:00,0,0,0,0,0,0,0
2023-08-21 00:00:00,0,0,0,0,0,0,0
2023-08-22 00:00:00,331,362,50,566,581,909,740
2023-08-23 00:00:00,275,145,549,653,517,319,782
2023-08-24 00:00:00,433,0,350,1021,788,0,50
2023-08-25 00:00:00,611,0,146,741,602,1053,245
2023-08-26 00:00:00,0,0,0,0,0,0,0
2023-08-27 00:00:00,0,0,0,0,0,0,0
2023-08-28 00:00:00,462,585,404,1080,567,585,492
2023-08-29 00:00:00,290,300,210,361,300,310,378
2023-08-30 00:00:00,350,0,210,300,69,0,326
2023-08-31 00:00:00,250,302,200,500,436,500,284
2023-09-01 00:00:00,215,300,295,400,256,244,249
2023-09-02 00:00:00,0,0,0,0,0,0,0
2023-09-03 00:00:00,0,0,0,0,0,0,0
2023-09-04 00:00:00,530,257,694,852,0,0,0
2023-09-05 00:00:00,375,200,640,533,200,407,437
2023-09-06 00:00:00,353,230,460,650,364,367,515
2023-09-07 00:00:00,150,300,290,396,337,419,370
2023-09-08 00:00:00,350,200,450,369,427,447,669
2023-09-09 00:00:00,0,0,0,0,0,0,0
2023-09-10 00:00:00,0,0,0,0,0,0,0
2023-09-11 00:00:00,815,535,627,802,791,807,932
2023-09-12 00:00:00,854,1075,478,1249,544,852,600
2023-09-13 00:00:00,508,593,476,1047,775,416,706
2023-09-14 00:00:00,442,380,1104,754,979,832,1215
2023-09-15 00:00:00,1070,860,1117,688,847,580,550
2023-09-16 00:00:00,0,0,0,0,0,0,0
2023-09-17 00:00:00,0,0,0,0,0,0,0
2023-09-18 00:00:00,488,535,466,1029,568,591,605
2023-09-19 00:00:00,485,453,326,743,775,794,326
2023-09-20 00:00:00,564,336,122,550,565,0,368
2023-09-21 00:00:00,608,0,379,379,654,0,259
2023-09-22 00:00:00,354,0,290,425,468,0,0
2023-09-23 00:00:00,0,0,0,0,0,0,0
2023-09-24 00:00:00,0,0,0,0,0,0,0
2023-09-25 00:00:00,523,0,390,673,651,0,846
2023-09-26 00:00:00,725,0,511,239,222,0,169
2023-09-27 00:00:00,172,0,395,715,542,0,395
2023-09-28 00:00:00,307,0,568,637,505,0,0
2023-09-29 00:00:00,431,0,370,587,506,0,450
2023-09-30 00:00:00,0,0,0,0,0,0,0
2023-10-01 00:00:00,0,0,0,0,0,0,0
2023-10-02 00:00:00,393,0,188,299,463,0,220
2023-10-03 00:00:00,499,0,0,740,501,0,0
2023-10-04 00:00:00,461,0,106,570,545,0,785
2023-10-05 00:00:00,775,244,964,1200,576,640,820
2023-10-06 00:00:00,844,568,879,980,457,544,763
2023-10-07 00:00:00,0,0,0,0,0,0,0
2023-10-08 00:00:00,0,0,0,0,0,0,0
2023-10-09 00:00:00,508,857,780,478,606,1027,806
2023-10-10 00:00:00,896,1050,962,1017,662,552,426
2023-10-11 00:00:00,442,204,474,448,438,136,421
2023-10-12 00:00:00,427,543,694,538,400,820,881
2023-10-13 00:00:00,0,0,0,0,0,0,0
2023-10-14 00:00:00,0,0,0,0,0,0,0
2023-10-15 00:00:00,0,0,0,0,0,0,0
2023-10-16 00:00:00,0,0,0,0,0,0,0
2023-10-17 00:00:00,639,630,397,918,427,91,286
2023-10-18 00:00:00,737,0,283,690,411,0,0
2023-10-19 00:00:00,751,0,646,693,177,0,230
2023-10-20 00:00:00,496,0,780,643,0,0,62
2023-10-21 00:00:00,0,0,0,0,0,0,0
2023-10-22 00:00:00,0,0,0,0,0,0,0
2023-10-23 00:00:00,502,0,464,874,0,0,0
2023-10-24 00:00:00,360,0,457,449,350,0,411
2023-10-25 00:00:00,612,0,690,1150,0,0,0
2023-10-26 00:00:00,561,0,735,914,0,0,0
2023-10-27 00:00:00,425,0,792,750,0,0,0
2023-10-28 00:00:00,0,0,0,0,0,0,0
2023-10-29 00:00:00,0,0,0,0,0,0,0
2023-10-30 00:00:00,729,0,606,1350,0,0,0
2023-10-31 00:00:00,501,0,657,463,0,0,0
2023-11-01 00:00:00,296,0,544,507,0,0,0
2023-11-02 00:00:00,307,0,465,500,0,0,0
2023-11-03 00:00:00,161,190,455,875,0,0,0
2023-11-04 00:00:00,0,0,0,0,0,0,0
2023-11-05 00:00:00,0,0,0,0,0,0,0
2023-11-06 00:00:00,158,376,349,479,0,0,0
2023-11-07 00:00:00,309,234,519,733,0,0,0
2023-11-08 00:00:00,513,0,1020,774,0,0,0
2023-11-09 00:00:00,413,456,908,1043,0,0,0
2023-11-10 00:00:00,381,550,913,997,0,0,0
2023-11-11 00:00:00,0,0,0,0,0,0,0
2023-11-12 00:00:00,0,0,0,0,0,0,0
2023-11-13 00:00:00,606,663,954,750,0,0,0
2023-11-14 00:00:00,600,544,679,598,0,0,0
2023-11-15 00:00:00,460,355,887,533,0,0,0
2023-11-16 00:00:00,482,490,257,364,0,0,0
2023-11-17 00:00:00,567,1085,1123,262,0,0,0
2023-11-18 00:00:00,391,801,509,588,0,0,0
2023-11-19 00:00:00,0,0,0,0,0,0,0
2023-11-20 00:00:00,0,0,0,0,359,652,470
2023-11-21 00:00:00,623,518,580,583,561,440,583
2023-11-22 00:00:00,821,140,893,757,442,160,572
2023-11-23 00:00:00,700,0,898,630,348,0,656
2023-11-24 00:00:00,563,137,613,563,674,243,495
2023-11-25 00:00:00,0,0,0,0,0,0,0
2023-11-26 00:00:00,0,0,0,0,0,0,0
2023-11-27 00:00:00,1192,178,473,1131,0,0,0
2023-11-28 00:00:00,690,350,636,981,0,0,0
2023-11-29 00:00:00,477,0,557,377,0,0,0
2023-11-30 00:00:00,982,0,668,480,0,0,0
2023-12-01 00:00:00,1073,412,681,881,0,0,0
2023-12-02 00:00:00,0,0,0,0,0,0,0
2023-12-03 00:00:00,0,0,0,0,0,0,0
2023-12-04 00:00:00,495,350,414,680,0,0,0
2023-12-05 00:00:00,777,631,623,1175,0,0,0
2023-12-06 00:00:00,760,622,1001,545,0,0,0
2023-12-07 00:00:00,552,0,1129,906,0,0,0
2023-12-08 00:00:00,0,0,0,0,0,0,0
2023-12-09 00:00:00,0,0,0,0,0,0,0
2023-12-10 00:00:00,0,0,0,0,0,0,0
2023-12-11 00:00:00,552,0,848,552,483,0,533
2023-12-12 00:00:00,151,427,484,662,0,0,439
2023-12-13 00:00:00,756,0,203,174,905,0,560
2023-12-14 00:00:00,498,0,599,1079,453,0,260
2023-12-15 00:00:00,0,0,0,0,0,0,0
2023-12-16 00:00:00,0,0,0,0,0,0,0
2023-12-17 00:00:00,0,0,0,0,0,0,0
2023-12-18 00:00:00,293,0,390,268,0,0,0
2023-12-19 00:00:00,750,0,498,641,0,0,0
2023-12-20 00:00:00,447,0,394,656,0,0,0
2023-12-21 00:00:00,296,157,590,626,0,0,0
2023-12-22 00:00:00,477,502,480,519,0,0,0
2023-12-23 00:00:00,0,0,0,0,0,0,0
2023-12-24 00:00:00,0,0,0,0,0,0,0
2023-12-25 00:00:00,0,0,0,0,0,0,0
2023-12-26 00:00:00,542,545,554,650,0,0,0
2023-12-27 00:00:00,400,821,591,700,0,0,0
2023-12-28 00:00:00,471,390,606,709,0,0,0
2023-12-29 00:00:00,361,450,503,748,0,0,0
2023-12-30 00:00:00,0,0,0,0,0,0,0
2023-12-31 00:00:00,0,0,0,0,0,0,0
2024-01-01 00:00:00,0,0,0,0,0,0,0
2024-01-02 00:00:00,313,450,500,763,0,0,0
2024-01-03 00:00:00,633,900,928,914,0,0,0
2024-01-04 00:00:00,507,675,639,762,0,0,0
2024-01-05 00:00:00,468,428,723,904,0,0,0
2024-01-06 00:00:00,0,0,0,0,0,0,0
2024-01-07 00:00:00,0,0,0,0,0,0,0
2024-01-08 00:00:00,645,69,681,1201,0,0,0
2024-01-09 00:00:00,535,0,621,1237,0,0,0
2024-01-10 00:00:00,395,555,602,1013,0,0,0
2024-01-11 00:00:00,584,640,692,972,0,0,0
2024-01-12 00:00:00,134,120,539,517,0,0,0
2024-01-13 00:00:00,0,0,0,0,0,0,0
2024-01-14 00:00:00,0,0,0,0,0,0,0
2024-01-15 00:00:00,440,0,559,665,0,0,0
2024-01-16 00:00:00,522,0,624,1020,0,0,0
2024-01-17 00:00:00,630,96,497,988,0,0,0
2024-01-18 00:00:00,555,349,707,615,0,0,0
2024-01-19 00:00:00,661,480,761,1300,0,0,0
2024-01-20 00:00:00,511,0,791,650,0,0,0
2024-01-21 00:00:00,0,0,0,0,0,0,0
2024-01-22 00:00:00,440,0,632,780,507,0,546
2024-01-23 00:00:00,400,0,670,633,473,0,927
2024-01-24 00:00:00,375,0,295,1002,461,0,491
2024-01-25 00:00:00,446,0,491,782,990,0,654
2024-01-26 00:00:00,383,0,575,805,409,0,526
2024-01-27 00:00:00,0,0,0,0,0,0,0
2024-01-28 00:00:00,0,0,0,0,0,0,0
2024-01-29 00:00:00,250,0,215,550,415,0,403
2024-01-30 00:00:00,330,0,302,723,548,0,538
2024-01-31 00:00:00,405,0,305,802,473,0,501
2024-02-01 00:00:00,505,0,309,605,220,0,403
2024-02-02 00:00:00,423,0,522,868,390,0,457
2024-02-03 00:00:00,0,0,0,0,0,0,0
2024-02-04 00:00:00,0,0,0,0,0,0,0
2024-02-05 00:00:00,482,200,526,703,490,0,537
2024-02-06 00:00:00,534,620,740,723,555,508,487
2024-02-07 00:00:00,497,330,553,549,528,126,663
2024-02-08 00:00:00,394,0,427,400,470,0,624
2024-02-09 00:00:00,515,0,765,1046,590,0,350
2024-02-10 00:00:00,0,0,0,0,0,0,0
2024-02-11 00:00:00,0,0,0,0,0,0,0
2024-02-12 00:00:00,0,0,0,0,0,0,0
2024-02-13 00:00:00,0,0,0,0,0,0,0
2024-02-14 00:00:00,495,136,0,573,0,0,0
2024-02-15 00:00:00,453,0,282,617,0,0,0
2024-02-16 00:00:00,477,0,1017,887,0,0,0
2024-02-17 00:00:00,0,0,0,0,0,0,0
2024-02-18 00:00:00,0,0,0,0,0,0,0
2024-02-19 00:00:00,447,150,478,887,0,0,0
2024-02-20 00:00:00,479,0,936,683,0,0,0
2024-02-21 00:00:00,518,0,1210,925,0,0,0
2024-02-22 00:00:00,0,0,1074,1200,0,0,0
2024-02-23 00:00:00,0,0,778,678,0,0,0
2024-02-24 00:00:00,0,0,0,0,0,0,0
2024-02-25 00:00:00,0,0,0,0,0,0,0
2024-02-26 00:00:00,0,0,753,702,0,0,0
2024-02-27 00:00:00,194,0,1094,1149,0,0,0
2024-02-28 00:00:00,414,0,677,912,473,0,801
2024-02-29 00:00:00,370,0,913,866,617,0,960
2024-03-01 00:00:00,332,0,785,856,170,0,339
2024-03-02 00:00:00,0,0,0,0,0,0,0
2024-03-03 00:00:00,0,0,0,0,0,0,0
2024-03-04 00:00:00,462,0,913,848,440,0,778
2024-03-05 00:00:00,514,0,951,693,435,0,700
2024-03-06 00:00:00,368,0,944,788,500,0,1150
2024-03-07 00:00:00,479,0,1040,1293,504,0,769
2024-03-08 00:00:00,263,0,831,790,468,0,791
2024-03-09 00:00:00,0,0,0,0,0,0,0
2024-03-10 00:00:00,0,0,0,0,0,0,0
2024-03-11 00:00:00,438,0,353,827,455,0,611
2024-03-12 00:00:00,450,0,552,964,497,0,566
2024-03-13 00:00:00,489,0,866,811,388,0,873
2024-03-14 00:00:00,610,0,412,602,408,0,480
2024-03-15 00:00:00,474,0,490,870,537,0,530
2024-03-16 00:00:00,0,0,0,0,0,0,0
2024-03-17 00:00:00,0,0,0,0,0,0,0
2024-03-18 00:00:00,392,0,569,799,561,0,432
2024-03-19 00:00:00,497,0,497,827,514,0,913
2024-03-20 00:00:00,387,0,591,853,486,0,460
2024-03-21 00:00:00,501,0,561,989,503,0,519
2024-03-22 00:00:00,417,0,449,875,532,0,500
2024-03-23 00:00:00,0,0,0,0,0,0,0
2024-03-24 00:00:00,0,0,0,0,0,0,0
